<?xml version="1.0" encoding="UTF-8"?>
<addon id="plugin.video.furk" version="1.0.15" name="Furk.net" provider-name="Furk.net">
	<requires>
		<import addon="script.module.requests" version="2.12.4"/>
    		<import addon="xbmc.python" version="2.14.0" />
	</requires>
	<extension point="xbmc.python.pluginsource"
	           library="addon.py">
		<provides>video</provides>
	</extension>
	<extension point="xbmc.addon.metadata">
		<summary>
			Plays video torrents from 'My Files :: Finished'. Check www.furk.net/t/mc for more info.
	   	</summary>
		<description>
			Furk.net is your personal secure storage that fetches media files and lets you stream them immediately 
		</description>
		<platform>all</platform>
		<minversion>29000</minversion>
		<disclaimer>
			You must have an account at www.furk.net for this addon to function.
		</disclaimer>
	</extension>
</addon>

